Employee Code,Project Code,Project Name,Project Department,Client,Start Date,End Date,% Allocation,Project Type,Allocation,Sow,Sow Start Date,Sow End Date,Vertical,Sow Code,Sow Status,Sow Receieved Date,Employee Job Title,Employee Grade,Employee Status,Employee Joining Date,Engagement Type,Project Categorization,Project Status,Billed Utilization Applicable,Cost of Delivery Applicable,Tentative Billing Date,Allocation Creation Date
FX20001,26-CRE-12408,Metro Brands Project Ferrari,Consulting Retail,Metro brands-GCC,2026-04-01,2027-03-31,50,Billable,Current allocation,Metro Brands Project Ferrari JulSep26,,,Retail,26-CRE-12408-sow-2,SoW Received,,Client Partner,3,Active,2015-02-08,Fixed Bid - New,,Live,Yes,Yes,,
FX20001,16-ASC-1587,Supply Chain Capability,Supply Chain,Supply Chain,2026-04-01,2027-03-31,30,Non Billable,Current allocation,Supply Chain Capability,,,Internal,16-ASC-1587-sow-1,No SOW Required,,Client Partner,3,Active,2015-02-08,Fixed Bid,Capability,Live,Yes,Yes,,
FX20001,22-CCT-5143,Fractal Bench in Supply Chain,Consulting Central Consulting Team,Central Consulting Team,2026-04-01,2027-03-31,20,Non Billable,Current allocation,Available Pool 1,,,Internal,22-CCT-5143-sow-1,No SOW Required,,Client Partner,3,Active,2015-02-08,Fixed Bid,Capability Bench,Live,Yes,Yes,,
FX20002,25-AIM-10858,Supply Chain Procurement SME Support,Consulting CPG,Unilever,2026-04-01,2026-07-16,100,Billable,Historic allocation,UL Supply Chain SMEs AMJ 26,,,CPG,25-AIM-10858-sow-3,SoW Received,,Engagement Manager,5,Active,2014-05-21,Fixed Bid - New,,Live,Yes,Yes,,
FX20002,25-CIE-10821,Phase 2Air Freight Analysis Output Based Model,Consulting Industrials Energy and Travel,3M,2026-07-17,2027-02-26,100,Billable,Current allocation,Phase 2Air Freight Analysis Output Based Model,,,Industrials Energy and Travel,25-CIE-10821-sow-1,SoW Received,,Engagement Manager,5,Active,2014-05-21,Output Based,,Live,Yes,Yes,,
FX20002,22-CCT-5143,Fractal Bench in Supply Chain,Consulting Central Consulting Team,Central Consulting Team,2027-02-27,2027-03-31,100,Non Billable,Future allocation,Available Pool 1,,,Internal,22-CCT-5143-sow-1,No SOW Required,,Engagement Manager,5,Active,2014-05-21,Fixed Bid,Capability Bench,Live,Yes,Yes,,
FX20003,26-CIE-12415,Power BI Engineer Supply Chain,Consulting Industrials Energy and Travel,Carrier,2026-04-01,2026-06-06,100,Billable,Historic allocation,Power BI Engineer Supply Chain,,,Industrials Energy and Travel,26-CIE-12415-sow-1,SoW Received,,Engagement Manager,5,Active,2017-01-31,Retainer - Monthly,,Live,Yes,Yes,,
FX20003,26-AIM-12708,Supply Chain SME,Consulting CPG,Unilever,2026-06-11,2026-10-30,100,Billable,Current allocation,UL Supply Chain SMEs H2_2026,,,CPG,26-AIM-12708-sow-1,SoW Received,,Engagement Manager,5,Active,2017-01-31,Output Based,,Live,Yes,Yes,,
FX20003,22-CCT-5143,Fractal Bench in Supply Chain,Consulting Central Consulting Team,Central Consulting Team,2026-10-31,2027-03-31,100,Non Billable,Future allocation,Available Pool 1,,,Internal,22-CCT-5143-sow-1,No SOW Required,,Engagement Manager,5,Active,2017-01-31,Fixed Bid,Capability Bench,Live,Yes,Yes,,
FX20004,25-AIM-10858,Supply Chain Procurement SME Support,Consulting CPG,Unilever,2026-04-01,2026-08-09,100,Billable,Historic allocation,UL Supply Chain SMEs AMJ 26,,,CPG,25-AIM-10858-sow-3,SoW Received,,Engagement Manager,5,Active,2017-10-02,Fixed Bid - New,,Live,Yes,Yes,,
FX20004,22-CCT-5143,Fractal Bench in Supply Chain,Consulting Central Consulting Team,Central Consulting Team,2026-08-10,2027-03-31,100,Non Billable,Current allocation,Available Pool 1,,,Internal,22-CCT-5143-sow-1,No SOW Required,,Engagement Manager,5,Active,2017-10-02,Fixed Bid,Capability Bench,Live,Yes,Yes,,
FX20005,26-AIM-12708,Supply Chain SME,Consulting CPG,Unilever,2026-04-01,2026-07-18,100,Billable,Historic allocation,UL Supply Chain SMEs H2_2026,,,CPG,26-AIM-12708-sow-1,SoW Received,,Manager,6,Active,2022-01-20,Output Based,,Live,Yes,Yes,,
FX20005,25-CIE-9895,Brenntag - Engagement with Leon Verbeek,Consulting Industrials Energy and Travel,Brenntag,2026-07-19,2027-03-31,100,Billable,Current allocation,O-42142 - Brenntag SIOP scale Renewal Sep to Dec 2026,,,Industrials Energy and Travel,25-CIE-9895-sow-11,Awaiting SoW,,Manager,6,Active,2022-01-20,Fixed Bid - New,,Live,Yes,Yes,,
FX20006,25-CIE-9895,Brenntag - Engagement with Leon Verbeek,Consulting Industrials Energy and Travel,Brenntag,2026-04-01,2026-07-19,100,Billable,Historic allocation,O-42142 - Brenntag SIOP scale Renewal Sep to Dec 2026,,,Industrials Energy and Travel,25-CIE-9895-sow-11,Awaiting SoW,,Manager,6,Active,2018-11-25,Fixed Bid - New,,Live,Yes,Yes,,
FX20006,22-CCT-5143,Fractal Bench in Supply Chain,Consulting Central Consulting Team,Central Consulting Team,2026-07-20,2027-03-31,100,Non Billable,Current allocation,Available Pool 1,,,Internal,22-CCT-5143-sow-1,No SOW Required,,Manager,6,Active,2018-11-25,Fixed Bid,Capability Bench,Live,Yes,Yes,,
FX20007,26-AIM-12815,Supply Chain CDM,Consulting CPG,Unilever,2026-04-01,2026-07-31,100,Billable,Historic allocation,Unilever - Supply Chain - CDM,,,CPG,26-AIM-12815-sow-1,SoW Received,,Manager,6,Active,2020-02-09,Fixed Bid - New,,Live,Yes,Yes,,
FX20007,25-AIM-10858,Supply Chain Procurement SME Support,Consulting CPG,Unilever,2026-08-01,2027-03-31,50,Billable,Current allocation,UL Supply Chain SMEs AMJ 26,,,CPG,25-AIM-10858-sow-3,SoW Received,,Manager,6,Active,2020-02-09,Fixed Bid - New,,Live,Yes,Yes,,
FX20007,22-CCT-5143,Fractal Bench in Supply Chain,Consulting Central Consulting Team,Central Consulting Team,2026-08-01,2027-03-31,50,Non Billable,Current allocation,Available Pool 1,,,Internal,22-CCT-5143-sow-1,No SOW Required,,Manager,6,Active,2020-02-09,Fixed Bid,Capability Bench,Live,Yes,Yes,,
FX20008,26-AIM-12708,Supply Chain SME,Consulting CPG,Unilever,2026-04-01,2026-05-23,100,Billable,Historic allocation,UL Supply Chain SMEs H2_2026,,,CPG,26-AIM-12708-sow-1,SoW Received,,Manager,6,Active,2018-06-28,Output Based,,Live,Yes,Yes,,
FX20008,26-CRE-12408,Metro Brands Project Ferrari,Consulting Retail,Metro brands-GCC,2026-06-11,2026-11-20,100,Billable,Current allocation,Metro Brands Project Ferrari JulSep26,,,Retail,26-CRE-12408-sow-2,SoW Received,,Manager,6,Active,2018-06-28,Fixed Bid - New,,Live,Yes,Yes,,
FX20008,22-CCT-5143,Fractal Bench in Supply Chain,Consulting Central Consulting Team,Central Consulting Team,2026-11-21,2027-03-31,100,Non Billable,Future allocation,Available Pool 1,,,Internal,22-CCT-5143-sow-1,No SOW Required,,Manager,6,Active,2018-06-28,Fixed Bid,Capability Bench,Live,Yes,Yes,,
FX20009,26-CIE-12415,Power BI Engineer Supply Chain,Consulting Industrials Energy and Travel,Carrier,2026-04-01,2026-08-14,100,Billable,Historic allocation,Power BI Engineer Supply Chain,,,Industrials Energy and Travel,26-CIE-12415-sow-1,SoW Received,,Manager,6,Active,2022-02-02,Retainer - Monthly,,Live,Yes,Yes,,
FX20009,26-CIE-12260,Carrier - Digital India TnM Engagement,Consulting Industrials Energy and Travel,Carrier,2026-08-15,2027-03-31,100,Billable,Current allocation,Business Analyst Requirement Carrier Digital Team,,,Industrials Energy and Travel,26-CIE-12260-sow-3,SoW Received,,Manager,6,Active,2022-02-02,Retainer - Monthly,,Live,Yes,Yes,,
FX20010,25-CIE-10821,Phase 2Air Freight Analysis Output Based Model,Consulting Industrials Energy and Travel,3M,2026-04-01,2026-06-14,100,Billable,Historic allocation,Phase 2Air Freight Analysis Output Based Model,,,Industrials Energy and Travel,25-CIE-10821-sow-1,SoW Received,,Senior Consultant,7,Active,2022-05-16,Output Based,,Live,Yes,Yes,,
FX20010,22-CCT-5143,Fractal Bench in Supply Chain,Consulting Central Consulting Team,Central Consulting Team,2026-06-15,2027-03-31,100,Non Billable,Current allocation,Available Pool 1,,,Internal,22-CCT-5143-sow-1,No SOW Required,,Senior Consultant,7,Active,2022-05-16,Fixed Bid,Capability Bench,Live,Yes,Yes,,
FX20011,25-CIE-10821,Phase 2Air Freight Analysis Output Based Model,Consulting Industrials Energy and Travel,3M,2026-04-01,2026-09-09,100,Billable,Historic allocation,Phase 2Air Freight Analysis Output Based Model,,,Industrials Energy and Travel,25-CIE-10821-sow-1,SoW Received,,Senior Consultant,7,Active,2024-01-19,Output Based,,Live,Yes,Yes,,
FX20011,22-CCT-5143,Fractal Bench in Supply Chain,Consulting Central Consulting Team,Central Consulting Team,2026-09-10,2027-03-31,100,Non Billable,Current allocation,Available Pool 1,,,Internal,22-CCT-5143-sow-1,No SOW Required,,Senior Consultant,7,Active,2024-01-19,Fixed Bid,Capability Bench,Live,Yes,Yes,,
FX20012,25-CIE-10821,Phase 2Air Freight Analysis Output Based Model,Consulting Industrials Energy and Travel,3M,2026-04-01,2026-06-26,100,Billable,Historic allocation,Phase 2Air Freight Analysis Output Based Model,,,Industrials Energy and Travel,25-CIE-10821-sow-1,SoW Received,,Senior Consultant,7,Active,2021-07-27,Output Based,,Live,Yes,Yes,,
FX20012,26-CIE-12415,Power BI Engineer Supply Chain,Consulting Industrials Energy and Travel,Carrier,2026-06-27,2027-03-31,100,Billable,Current allocation,Power BI Engineer Supply Chain,,,Industrials Energy and Travel,26-CIE-12415-sow-1,SoW Received,,Senior Consultant,7,Active,2021-07-27,Retainer - Monthly,,Live,Yes,Yes,,
FX20013,26-AIM-12815,Supply Chain CDM,Consulting CPG,Unilever,2026-04-01,2026-06-29,100,Billable,Historic allocation,Unilever - Supply Chain - CDM,,,CPG,26-AIM-12815-sow-1,SoW Received,,Senior Consultant,7,Active,2023-10-22,Fixed Bid - New,,Live,Yes,Yes,,
FX20013,25-CIE-10821,Phase 2Air Freight Analysis Output Based Model,Consulting Industrials Energy and Travel,3M,2026-06-30,2027-01-29,100,Billable,Current allocation,Phase 2Air Freight Analysis Output Based Model,,,Industrials Energy and Travel,25-CIE-10821-sow-1,SoW Received,,Senior Consultant,7,Active,2023-10-22,Output Based,,Live,Yes,Yes,,
FX20013,22-CCT-5143,Fractal Bench in Supply Chain,Consulting Central Consulting Team,Central Consulting Team,2027-01-30,2027-03-31,100,Non Billable,Future allocation,Available Pool 1,,,Internal,22-CCT-5143-sow-1,No SOW Required,,Senior Consultant,7,Active,2023-10-22,Fixed Bid,Capability Bench,Live,Yes,Yes,,
FX20014,26-CIE-12260,Carrier - Digital India TnM Engagement,Consulting Industrials Energy and Travel,Carrier,2026-04-01,2026-05-30,100,Billable,Historic allocation,Business Analyst Requirement Carrier Digital Team,,,Industrials Energy and Travel,26-CIE-12260-sow-3,SoW Received,,Senior Consultant,7,Active,2021-02-01,Retainer - Monthly,,Live,Yes,Yes,,
FX20014,26-CAP-12118,ABI Logistics 4 use cases,Consulting APAC,Anheuser-Busch Companies,2026-06-11,2026-12-15,100,Billable,Current allocation,O-41667 - Logistics 4 Use cases CR,,,APAC,26-CAP-12118-sow-3,Awaiting SoW,,Senior Consultant,7,Active,2021-02-01,Fixed Bid - New,,Live,Yes,Yes,,
FX20014,22-CCT-5143,Fractal Bench in Supply Chain,Consulting Central Consulting Team,Central Consulting Team,2026-12-16,2027-03-31,100,Non Billable,Future allocation,Available Pool 1,,,Internal,22-CCT-5143-sow-1,No SOW Required,,Senior Consultant,7,Active,2021-02-01,Fixed Bid,Capability Bench,Live,Yes,Yes,,
FX20015,26-AIM-12815,Supply Chain CDM,Consulting CPG,Unilever,2026-04-01,2026-08-14,100,Billable,Historic allocation,Unilever - Supply Chain - CDM,,,CPG,26-AIM-12815-sow-1,SoW Received,,Senior Consultant,7,Active,2021-10-01,Fixed Bid - New,,Live,Yes,Yes,,
FX20015,25-ASC-9707,Parental Leave - SC,Supply Chain,Supply Chain,2026-08-15,2026-11-30,100,Non Billable,Current allocation,Parental Leave - SC,,,Internal,25-ASC-9707-sow-1,No SOW Required,,Senior Consultant,7,Active,2021-10-01,Fixed Bid,Parental Leaves,Live,Yes,Yes,,
FX20015,22-CCT-5143,Fractal Bench in Supply Chain,Consulting Central Consulting Team,Central Consulting Team,2026-12-01,2027-03-31,100,Non Billable,Future allocation,Available Pool 1,,,Internal,22-CCT-5143-sow-1,No SOW Required,,Senior Consultant,7,Active,2021-10-01,Fixed Bid,Capability Bench,Live,Yes,Yes,,
FX20016,26-AIM-12194,Nestle India Supply Chain BI POD FTE,Consulting CPG,Nestle (CPG),2026-04-01,2026-07-31,100,Billable,Historic allocation,Nestle India Supply Chain BI POD FTE,,,CPG,26-AIM-12194-sow-1,SoW Received,,Senior Consultant,7,Active,2022-02-10,Retainer - Daily,,Live,Yes,Yes,,
FX20016,25-CIE-9895,Brenntag - Engagement with Leon Verbeek,Consulting Industrials Energy and Travel,Brenntag,2026-08-01,2027-03-31,50,Billable,Current allocation,O-42142 - Brenntag SIOP scale Renewal Sep to Dec 2026,,,Industrials Energy and Travel,25-CIE-9895-sow-11,Awaiting SoW,,Senior Consultant,7,Active,2022-02-10,Fixed Bid - New,,Live,Yes,Yes,,
FX20016,22-CCT-5143,Fractal Bench in Supply Chain,Consulting Central Consulting Team,Central Consulting Team,2026-08-01,2027-03-31,50,Non Billable,Current allocation,Available Pool 1,,,Internal,22-CCT-5143-sow-1,No SOW Required,,Senior Consultant,7,Active,2022-02-10,Fixed Bid,Capability Bench,Live,Yes,Yes,,
FX20017,26-CAP-12118,ABI Logistics 4 use cases,Consulting APAC,Anheuser-Busch Companies,2026-04-01,2026-07-31,100,Billable,Historic allocation,O-41667 - Logistics 4 Use cases CR,,,APAC,26-CAP-12118-sow-3,Awaiting SoW,,Senior Consultant,7,Active,2024-05-23,Fixed Bid - New,,Live,Yes,Yes,,
FX20017,22-CCT-5143,Fractal Bench in Supply Chain,Consulting Central Consulting Team,Central Consulting Team,2026-08-01,2027-03-31,100,Non Billable,Current allocation,Available Pool 1,,,Internal,22-CCT-5143-sow-1,No SOW Required,,Senior Consultant,7,Active,2024-05-23,Fixed Bid,Capability Bench,Live,Yes,Yes,,
FX20018,26-CIE-12260,Carrier - Digital India TnM Engagement,Consulting Industrials Energy and Travel,Carrier,2026-04-01,2026-07-26,100,Billable,Historic allocation,Business Analyst Requirement Carrier Digital Team,,,Industrials Energy and Travel,26-CIE-12260-sow-3,SoW Received,,Senior Consultant,7,Active,2023-11-01,Retainer - Monthly,,Live,Yes,Yes,,
FX20018,26-AIM-12815,Supply Chain CDM,Consulting CPG,Unilever,2026-07-27,2027-03-31,100,Billable,Current allocation,Unilever - Supply Chain - CDM,,,CPG,26-AIM-12815-sow-1,SoW Received,,Senior Consultant,7,Active,2023-11-01,Fixed Bid - New,,Live,Yes,Yes,,
FX20019,26-CIE-12260,Carrier - Digital India TnM Engagement,Consulting Industrials Energy and Travel,Carrier,2026-04-01,2026-06-04,100,Billable,Historic allocation,Business Analyst Requirement Carrier Digital Team,,,Industrials Energy and Travel,26-CIE-12260-sow-3,SoW Received,,Senior Consultant,7,Active,2022-08-29,Retainer - Monthly,,Live,Yes,Yes,,
FX20019,25-AIM-10858,Supply Chain Procurement SME Support,Consulting CPG,Unilever,2026-06-11,2026-10-23,100,Billable,Current allocation,UL Supply Chain SMEs AMJ 26,,,CPG,25-AIM-10858-sow-3,SoW Received,,Senior Consultant,7,Active,2022-08-29,Fixed Bid - New,,Live,Yes,Yes,,
FX20019,22-CCT-5143,Fractal Bench in Supply Chain,Consulting Central Consulting Team,Central Consulting Team,2026-10-24,2027-03-31,100,Non Billable,Future allocation,Available Pool 1,,,Internal,22-CCT-5143-sow-1,No SOW Required,,Senior Consultant,7,Active,2022-08-29,Fixed Bid,Capability Bench,Live,Yes,Yes,,
FX20020,25-CIE-10821,Phase 2Air Freight Analysis Output Based Model,Consulting Industrials Energy and Travel,3M,2026-04-01,2026-06-30,100,Billable,Historic allocation,Phase 2Air Freight Analysis Output Based Model,,,Industrials Energy and Travel,25-CIE-10821-sow-1,SoW Received,,Consultant,8,Active,2024-11-08,Output Based,,Live,Yes,Yes,,
FX20020,22-CCT-5143,Fractal Bench in Supply Chain,Consulting Central Consulting Team,Central Consulting Team,2026-07-01,2027-03-31,100,Non Billable,Current allocation,Available Pool 1,,,Internal,22-CCT-5143-sow-1,No SOW Required,,Consultant,8,Active,2024-11-08,Fixed Bid,Capability Bench,Live,Yes,Yes,,
FX20021,26-CRE-12408,Metro Brands Project Ferrari,Consulting Retail,Metro brands-GCC,2026-04-01,2026-08-31,100,Billable,Historic allocation,Metro Brands Project Ferrari JulSep26,,,Retail,26-CRE-12408-sow-2,SoW Received,,Consultant,8,Active,2025-12-03,Fixed Bid - New,,Live,Yes,Yes,,
FX20021,22-CCT-5143,Fractal Bench in Supply Chain,Consulting Central Consulting Team,Central Consulting Team,2026-09-01,2027-03-31,100,Non Billable,Current allocation,Available Pool 1,,,Internal,22-CCT-5143-sow-1,No SOW Required,,Consultant,8,Active,2025-12-03,Fixed Bid,Capability Bench,Live,Yes,Yes,,
FX20022,26-AIM-12815,Supply Chain CDM,Consulting CPG,Unilever,2026-04-01,2026-07-15,100,Billable,Historic allocation,Unilever - Supply Chain - CDM,,,CPG,26-AIM-12815-sow-1,SoW Received,,Consultant,8,Active,2023-10-27,Fixed Bid - New,,Live,Yes,Yes,,
FX20022,25-CIE-10821,Phase 2Air Freight Analysis Output Based Model,Consulting Industrials Energy and Travel,3M,2026-07-16,2027-03-31,100,Billable,Current allocation,Phase 2Air Freight Analysis Output Based Model,,,Industrials Energy and Travel,25-CIE-10821-sow-1,SoW Received,,Consultant,8,Active,2023-10-27,Output Based,,Live,Yes,Yes,,
FX20023,26-CIE-12260,Carrier - Digital India TnM Engagement,Consulting Industrials Energy and Travel,Carrier,2026-04-01,2026-06-19,100,Billable,Historic allocation,Business Analyst Requirement Carrier Digital Team,,,Industrials Energy and Travel,26-CIE-12260-sow-3,SoW Received,,Consultant,8,Active,2025-01-09,Retainer - Monthly,,Live,Yes,Yes,,
FX20023,26-AIM-12194,Nestle India Supply Chain BI POD FTE,Consulting CPG,Nestle (CPG),2026-06-20,2027-03-31,100,Billable,Current allocation,Nestle India Supply Chain BI POD FTE,,,CPG,26-AIM-12194-sow-1,SoW Received,,Consultant,8,Active,2025-01-09,Retainer - Daily,,Live,Yes,Yes,,
FX20024,26-AIM-12708,Supply Chain SME,Consulting CPG,Unilever,2026-04-01,2026-07-31,100,Billable,Historic allocation,UL Supply Chain SMEs H2_2026,,,CPG,26-AIM-12708-sow-1,SoW Received,,Consultant,8,Active,2025-07-15,Output Based,,Live,Yes,Yes,,
FX20024,26-AIM-12194,Nestle India Supply Chain BI POD FTE,Consulting CPG,Nestle (CPG),2026-08-01,2027-01-15,100,Billable,Current allocation,Nestle India Supply Chain BI POD FTE,,,CPG,26-AIM-12194-sow-1,SoW Received,,Consultant,8,Active,2025-07-15,Retainer - Daily,,Live,Yes,Yes,,
FX20024,22-CCT-5143,Fractal Bench in Supply Chain,Consulting Central Consulting Team,Central Consulting Team,2027-01-16,2027-03-31,100,Non Billable,Future allocation,Available Pool 1,,,Internal,22-CCT-5143-sow-1,No SOW Required,,Consultant,8,Active,2025-07-15,Fixed Bid,Capability Bench,Live,Yes,Yes,,
FX20025,26-CAP-12118,ABI Logistics 4 use cases,Consulting APAC,Anheuser-Busch Companies,2026-04-01,2026-05-25,100,Billable,Historic allocation,O-41667 - Logistics 4 Use cases CR,,,APAC,26-CAP-12118-sow-3,Awaiting SoW,,Consultant,8,Active,2025-10-24,Fixed Bid - New,,Live,Yes,Yes,,
FX20025,26-CIE-12260,Carrier - Digital India TnM Engagement,Consulting Industrials Energy and Travel,Carrier,2026-06-11,2026-11-06,100,Billable,Current allocation,Business Analyst Requirement Carrier Digital Team,,,Industrials Energy and Travel,26-CIE-12260-sow-3,SoW Received,,Consultant,8,Active,2025-10-24,Retainer - Monthly,,Live,Yes,Yes,,
FX20025,22-CCT-5143,Fractal Bench in Supply Chain,Consulting Central Consulting Team,Central Consulting Team,2026-11-07,2027-03-31,100,Non Billable,Future allocation,Available Pool 1,,,Internal,22-CCT-5143-sow-1,No SOW Required,,Consultant,8,Active,2025-10-24,Fixed Bid,Capability Bench,Live,Yes,Yes,,
FX20026,25-CIE-10821,Phase 2Air Freight Analysis Output Based Model,Consulting Industrials Energy and Travel,3M,2026-04-01,2026-08-19,100,Billable,Historic allocation,Phase 2Air Freight Analysis Output Based Model,,,Industrials Energy and Travel,25-CIE-10821-sow-1,SoW Received,,Consultant,8,Active,2024-06-12,Output Based,,Live,Yes,Yes,,
FX20026,22-CCT-5143,Fractal Bench in Supply Chain,Consulting Central Consulting Team,Central Consulting Team,2026-08-20,2027-03-31,100,Non Billable,Current allocation,Available Pool 1,,,Internal,22-CCT-5143-sow-1,No SOW Required,,Consultant,8,Active,2024-06-12,Fixed Bid,Capability Bench,Live,Yes,Yes,,
FX20027,25-CIE-9895,Brenntag - Engagement with Leon Verbeek,Consulting Industrials Energy and Travel,Brenntag,2026-04-01,2026-07-05,100,Billable,Historic allocation,O-42142 - Brenntag SIOP scale Renewal Sep to Dec 2026,,,Industrials Energy and Travel,25-CIE-9895-sow-11,Awaiting SoW,,Consultant,8,Active,2024-02-04,Fixed Bid - New,,Live,Yes,Yes,,
FX20027,26-AIM-12708,Supply Chain SME,Consulting CPG,Unilever,2026-07-06,2027-03-31,100,Billable,Current allocation,UL Supply Chain SMEs H2_2026,,,CPG,26-AIM-12708-sow-1,SoW Received,,Consultant,8,Active,2024-02-04,Output Based,,Live,Yes,Yes,,
FX20028,26-AIM-12194,Nestle India Supply Chain BI POD FTE,Consulting CPG,Nestle (CPG),2026-04-01,2026-07-31,100,Billable,Historic allocation,Nestle India Supply Chain BI POD FTE,,,CPG,26-AIM-12194-sow-1,SoW Received,,Consultant,8,Active,2023-10-15,Retainer - Daily,,Live,Yes,Yes,,
FX20028,26-CIE-12260,Carrier - Digital India TnM Engagement,Consulting Industrials Energy and Travel,Carrier,2026-08-01,2027-03-31,50,Billable,Current allocation,Business Analyst Requirement Carrier Digital Team,,,Industrials Energy and Travel,26-CIE-12260-sow-3,SoW Received,,Consultant,8,Active,2023-10-15,Retainer - Monthly,,Live,Yes,Yes,,
FX20028,22-CCT-5143,Fractal Bench in Supply Chain,Consulting Central Consulting Team,Central Consulting Team,2026-08-01,2027-03-31,50,Non Billable,Current allocation,Available Pool 1,,,Internal,22-CCT-5143-sow-1,No SOW Required,,Consultant,8,Active,2023-10-15,Fixed Bid,Capability Bench,Live,Yes,Yes,,
FX20029,26-CIE-12260,Carrier - Digital India TnM Engagement,Consulting Industrials Energy and Travel,Carrier,2026-04-01,2026-08-31,100,Billable,Historic allocation,Business Analyst Requirement Carrier Digital Team,,,Industrials Energy and Travel,26-CIE-12260-sow-3,SoW Received,,Consultant,8,Active,2025-10-26,Retainer - Monthly,,Live,Yes,Yes,,
FX20029,22-CCT-5143,Fractal Bench in Supply Chain,Consulting Central Consulting Team,Central Consulting Team,2026-09-01,2026-09-27,100,Non Billable,Historic allocation,Available Pool 1,,,Internal,22-CCT-5143-sow-1,No SOW Required,,Consultant,8,Active,2025-10-26,Fixed Bid,Capability Bench,Live,Yes,Yes,,
FX20029,25-CAP-9657,Blocked for Kenvue,Consulting APAC,Kenvue Brands -LLC,2026-09-28,2026-10-31,100,Non Billable,Current allocation,Blocked for Kenvue,,,APAC,25-CAP-9657-sow-1,No SOW Required,,Consultant,8,Active,2025-10-26,Fixed Bid,Blocked,Live,Yes,Yes,,
FX20029,22-CCT-5143,Fractal Bench in Supply Chain,Consulting Central Consulting Team,Central Consulting Team,2026-11-01,2027-03-31,100,Non Billable,Future allocation,Available Pool 1,,,Internal,22-CCT-5143-sow-1,No SOW Required,,Consultant,8,Active,2025-10-26,Fixed Bid,Capability Bench,Live,Yes,Yes,,
