Employee Code,Skill,Skill Category,Proficiency,Last Updated,Basis
F00875,S&OP,Supply Chain,4,2026-03-18,"Inferred from project history: Client Partner; Sales-Farmers-Supply Chain, Supply Chain Capability, Core Delivery"
F00875,Demand planning,Supply Chain,4,2026-03-18,"Inferred from project history: Client Partner; Sales-Farmers-Supply Chain, Supply Chain Capability, Core Delivery"
F00875,Supply planning,Supply Chain,3,2026-03-18,"Inferred from project history: Client Partner; Sales-Farmers-Supply Chain, Supply Chain Capability, Core Delivery"
F00875,Network design,Supply Chain,3,2026-03-18,"Inferred from project history: Client Partner; Sales-Farmers-Supply Chain, Supply Chain Capability, Core Delivery"
F00875,SAP IBP,Technical,3,2026-03-18,"Inferred from project history: Client Partner; Sales-Farmers-Supply Chain, Supply Chain Capability, Core Delivery"
F00875,Power BI,Technical,2,2026-03-18,"Inferred from project history: Client Partner; Sales-Farmers-Supply Chain, Supply Chain Capability, Core Delivery"
F07781,Procurement & sourcing,Supply Chain,3,2026-02-02,Inferred from project history: Client Bench of Philips (procurement client); returning from leave
F07781,Spend analytics,Supply Chain,3,2026-02-02,Inferred from project history: Client Bench of Philips (procurement client); returning from leave
F07781,Power BI,Technical,3,2026-02-02,Inferred from project history: Client Bench of Philips (procurement client); returning from leave
F07781,SQL,Technical,3,2026-02-02,Inferred from project history: Client Bench of Philips (procurement client); returning from leave
F07781,Python,Technical,2,2026-02-02,Inferred from project history: Client Bench of Philips (procurement client); returning from leave
F07781,GenAI & agents,Technical,1,2026-02-02,Inferred from project history: Client Bench of Philips (procurement client); returning from leave
F08019,Power BI,Technical,4,2026-08-21,Inferred from project history: Power BI Engineer Supply Chain (Carrier); Air Freight Analysis (3M)
F08019,SQL,Technical,3,2026-08-21,Inferred from project history: Power BI Engineer Supply Chain (Carrier); Air Freight Analysis (3M)
F08019,Logistics & transportation,Supply Chain,3,2026-08-21,Inferred from project history: Power BI Engineer Supply Chain (Carrier); Air Freight Analysis (3M)
F08019,Azure Data Factory,Technical,2,2026-08-21,Inferred from project history: Power BI Engineer Supply Chain (Carrier); Air Freight Analysis (3M)
F08019,Supply chain control tower,Supply Chain,2,2026-08-21,Inferred from project history: Power BI Engineer Supply Chain (Carrier); Air Freight Analysis (3M)
F08299,Logistics & transportation,Supply Chain,3,2026-09-02,Inferred from project history: ABI Logistics 4 use cases; Air Freight Analysis (3M)
F08299,Network design,Supply Chain,3,2026-09-02,Inferred from project history: ABI Logistics 4 use cases; Air Freight Analysis (3M)
F08299,Python,Technical,3,2026-09-02,Inferred from project history: ABI Logistics 4 use cases; Air Freight Analysis (3M)
F08299,Optimization (OR),Technical,3,2026-09-02,Inferred from project history: ABI Logistics 4 use cases; Air Freight Analysis (3M)
F08299,SQL,Technical,3,2026-09-02,Inferred from project history: ABI Logistics 4 use cases; Air Freight Analysis (3M)
F11888,Inventory management,Supply Chain,3,2026-05-11,Inferred from project history: Metro Brands Project Ferrari (retail)
F11888,Demand planning,Supply Chain,2,2026-05-11,Inferred from project history: Metro Brands Project Ferrari (retail)
F11888,SQL,Technical,3,2026-05-11,Inferred from project history: Metro Brands Project Ferrari (retail)
F11888,Python,Technical,2,2026-05-11,Inferred from project history: Metro Brands Project Ferrari (retail)
F11888,Power BI,Technical,2,2026-05-11,Inferred from project history: Metro Brands Project Ferrari (retail)
F12135,Order management,Supply Chain,3,2026-07-30,Inferred from project history: Brenntag - Engagement with Leon Verbeek (chemicals distribution)
F12135,Supply planning,Supply Chain,3,2026-07-30,Inferred from project history: Brenntag - Engagement with Leon Verbeek (chemicals distribution)
F12135,Inventory management,Supply Chain,2,2026-07-30,Inferred from project history: Brenntag - Engagement with Leon Verbeek (chemicals distribution)
F12135,Python,Technical,3,2026-07-30,Inferred from project history: Brenntag - Engagement with Leon Verbeek (chemicals distribution)
F12135,SAP S/4HANA,Technical,2,2026-07-30,Inferred from project history: Brenntag - Engagement with Leon Verbeek (chemicals distribution)
F15217,Procurement & sourcing,Supply Chain,4,2026-09-15,Inferred from project history: Supply Chain Procurement SME Support; Supply Chain SME (Unilever)
F15217,Spend analytics,Supply Chain,3,2026-09-15,Inferred from project history: Supply Chain Procurement SME Support; Supply Chain SME (Unilever)
F15217,S&OP,Supply Chain,3,2026-09-15,Inferred from project history: Supply Chain Procurement SME Support; Supply Chain SME (Unilever)
F15217,Power BI,Technical,3,2026-09-15,Inferred from project history: Supply Chain Procurement SME Support; Supply Chain SME (Unilever)
F15217,SQL,Technical,2,2026-09-15,Inferred from project history: Supply Chain Procurement SME Support; Supply Chain SME (Unilever)
F15234,Logistics & transportation,Supply Chain,3,2026-06-24,Inferred from project history: ABI Logistics 4 use cases; Order Management Canada SOW
F15234,Order management,Supply Chain,3,2026-06-24,Inferred from project history: ABI Logistics 4 use cases; Order Management Canada SOW
F15234,Python,Technical,3,2026-06-24,Inferred from project history: ABI Logistics 4 use cases; Order Management Canada SOW
F15234,SQL,Technical,3,2026-06-24,Inferred from project history: ABI Logistics 4 use cases; Order Management Canada SOW
F15234,Databricks,Technical,2,2026-06-24,Inferred from project history: ABI Logistics 4 use cases; Order Management Canada SOW
F15866,Inventory management,Supply Chain,3,2026-04-09,Inferred from project history: Brenntag engagement; Carrier - Digital India TnM Engagement
F15866,Supply chain control tower,Supply Chain,2,2026-04-09,Inferred from project history: Brenntag engagement; Carrier - Digital India TnM Engagement
F15866,Python,Technical,3,2026-04-09,Inferred from project history: Brenntag engagement; Carrier - Digital India TnM Engagement
F15866,Machine learning,Technical,3,2026-04-09,Inferred from project history: Brenntag engagement; Carrier - Digital India TnM Engagement
F15866,Azure Data Factory,Technical,2,2026-04-09,Inferred from project history: Brenntag engagement; Carrier - Digital India TnM Engagement
F16605,Logistics & transportation,Supply Chain,3,2026-09-26,Inferred from project history: Phase 2 Air Freight Analysis Output Based Model (3M)
F16605,Spend analytics,Supply Chain,2,2026-09-26,Inferred from project history: Phase 2 Air Freight Analysis Output Based Model (3M)
F16605,Python,Technical,3,2026-09-26,Inferred from project history: Phase 2 Air Freight Analysis Output Based Model (3M)
F16605,SQL,Technical,3,2026-09-26,Inferred from project history: Phase 2 Air Freight Analysis Output Based Model (3M)
F16605,Machine learning,Technical,2,2026-09-26,Inferred from project history: Phase 2 Air Freight Analysis Output Based Model (3M)
F17553,Power BI,Technical,4,2026-06-02,Inferred from project history: Nestle India Supply Chain BI POD; Supply Chain CDM (Unilever)
F17553,SQL,Technical,3,2026-06-02,Inferred from project history: Nestle India Supply Chain BI POD; Supply Chain CDM (Unilever)
F17553,Demand planning,Supply Chain,3,2026-06-02,Inferred from project history: Nestle India Supply Chain BI POD; Supply Chain CDM (Unilever)
F17553,Supply chain control tower,Supply Chain,2,2026-06-02,Inferred from project history: Nestle India Supply Chain BI POD; Supply Chain CDM (Unilever)
F17553,Databricks,Technical,2,2026-06-02,Inferred from project history: Nestle India Supply Chain BI POD; Supply Chain CDM (Unilever)
FX20001,Inventory management,Supply Chain,4,2026-09-17,Synthetic profile (planning)
FX20001,Supply planning,Supply Chain,3,2026-09-17,Synthetic profile (planning)
FX20001,Power BI,Technical,4,2026-09-17,Synthetic profile (planning)
FX20001,Python,Technical,3,2026-09-17,Synthetic profile (planning)
FX20002,Network design,Supply Chain,4,2026-08-22,Synthetic profile (logistics)
FX20002,Logistics & transportation,Supply Chain,3,2026-08-22,Synthetic profile (logistics)
FX20002,Order management,Supply Chain,3,2026-08-22,Synthetic profile (logistics)
FX20002,Python,Technical,4,2026-08-22,Synthetic profile (logistics)
FX20002,Optimization (OR),Technical,2,2026-08-22,Synthetic profile (logistics)
FX20003,Manufacturing analytics,Supply Chain,4,2026-08-27,Synthetic profile (manufacturing)
FX20003,Quality analytics,Supply Chain,3,2026-08-27,Synthetic profile (manufacturing)
FX20003,Databricks,Technical,4,2026-08-27,Synthetic profile (manufacturing)
FX20003,SAP S/4HANA,Technical,3,2026-08-27,Synthetic profile (manufacturing)
FX20003,Machine learning,Technical,3,2026-08-27,Synthetic profile (manufacturing)
FX20004,Supply chain control tower,Supply Chain,4,2026-09-24,Synthetic profile (visibility)
FX20004,Inventory management,Supply Chain,3,2026-09-24,Synthetic profile (visibility)
FX20004,SQL,Technical,4,2026-09-24,Synthetic profile (visibility)
FX20004,Azure Data Factory,Technical,3,2026-09-24,Synthetic profile (visibility)
FX20005,Procurement & sourcing,Supply Chain,4,2026-08-27,Synthetic profile (procurement)
FX20005,Spend analytics,Supply Chain,3,2026-08-27,Synthetic profile (procurement)
FX20005,Power BI,Technical,4,2026-08-27,Synthetic profile (procurement)
FX20005,SQL,Technical,3,2026-08-27,Synthetic profile (procurement)
FX20006,Demand planning,Supply Chain,4,2026-08-29,Synthetic profile (planning)
FX20006,Supply planning,Supply Chain,3,2026-08-29,Synthetic profile (planning)
FX20006,S&OP,Supply Chain,3,2026-08-29,Synthetic profile (planning)
FX20006,SAP IBP,Technical,4,2026-08-29,Synthetic profile (planning)
FX20006,SQL,Technical,3,2026-08-29,Synthetic profile (planning)
FX20006,Python,Technical,3,2026-08-29,Synthetic profile (planning)
FX20007,ESG & sustainability,Supply Chain,4,2026-09-12,Synthetic profile (esg)
FX20007,Procurement & sourcing,Supply Chain,4,2026-09-12,Synthetic profile (esg)
FX20007,Manufacturing analytics,Supply Chain,4,2026-09-12,Synthetic profile (esg)
FX20007,SQL,Technical,3,2026-09-12,Synthetic profile (esg)
FX20007,Power BI,Technical,3,2026-09-12,Synthetic profile (esg)
FX20008,Demand planning,Supply Chain,4,2026-07-27,Synthetic profile (planning)
FX20008,Inventory management,Supply Chain,3,2026-07-27,Synthetic profile (planning)
FX20008,Supply planning,Supply Chain,3,2026-07-27,Synthetic profile (planning)
FX20008,Python,Technical,4,2026-07-27,Synthetic profile (planning)
FX20008,SQL,Technical,2,2026-07-27,Synthetic profile (planning)
FX20009,Logistics & transportation,Supply Chain,4,2026-09-03,Synthetic profile (logistics)
FX20009,Network design,Supply Chain,3,2026-09-03,Synthetic profile (logistics)
FX20009,Python,Technical,4,2026-09-03,Synthetic profile (logistics)
FX20009,Optimization (OR),Technical,3,2026-09-03,Synthetic profile (logistics)
FX20009,Tableau,Technical,3,2026-09-03,Synthetic profile (logistics)
FX20010,S&OP,Supply Chain,3,2026-05-22,Synthetic profile (planning)
FX20010,Demand planning,Supply Chain,3,2026-05-22,Synthetic profile (planning)
FX20010,o9 Solutions,Technical,3,2026-05-22,Synthetic profile (planning)
FX20010,SQL,Technical,1,2026-05-22,Synthetic profile (planning)
FX20010,SAP IBP,Technical,2,2026-05-22,Synthetic profile (planning)
FX20011,Demand planning,Supply Chain,3,2025-12-10,Synthetic profile (data)
FX20011,Inventory management,Supply Chain,2,2025-12-10,Synthetic profile (data)
FX20011,Logistics & transportation,Supply Chain,2,2025-12-10,Synthetic profile (data)
FX20011,Python,Technical,3,2025-12-10,Synthetic profile (data)
FX20011,Databricks,Technical,1,2025-12-10,Synthetic profile (data)
FX20012,Spend analytics,Supply Chain,3,2026-07-23,Synthetic profile (bi)
FX20012,Demand planning,Supply Chain,2,2026-07-23,Synthetic profile (bi)
FX20012,Azure Data Factory,Technical,3,2026-07-23,Synthetic profile (bi)
FX20012,SQL,Technical,1,2026-07-23,Synthetic profile (bi)
FX20013,Spend analytics,Supply Chain,3,2026-09-25,Synthetic profile (procurement)
FX20013,Procurement & sourcing,Supply Chain,2,2026-09-25,Synthetic profile (procurement)
FX20013,Python,Technical,3,2026-09-25,Synthetic profile (procurement)
FX20013,GenAI & agents,Technical,1,2026-09-25,Synthetic profile (procurement)
FX20013,SQL,Technical,1,2026-09-25,Synthetic profile (procurement)
FX20014,Order management,Supply Chain,3,2026-07-30,Synthetic profile (logistics)
FX20014,Network design,Supply Chain,2,2026-07-30,Synthetic profile (logistics)
FX20014,Logistics & transportation,Supply Chain,2,2026-07-30,Synthetic profile (logistics)
FX20014,Tableau,Technical,3,2026-07-30,Synthetic profile (logistics)
FX20014,Optimization (OR),Technical,1,2026-07-30,Synthetic profile (logistics)
FX20014,Python,Technical,1,2026-07-30,Synthetic profile (logistics)
FX20015,Demand planning,Supply Chain,3,2026-07-17,Synthetic profile (planning)
FX20015,Inventory management,Supply Chain,2,2026-07-17,Synthetic profile (planning)
FX20015,Supply planning,Supply Chain,2,2026-07-17,Synthetic profile (planning)
FX20015,Python,Technical,3,2026-07-17,Synthetic profile (planning)
FX20015,SQL,Technical,2,2026-07-17,Synthetic profile (planning)
FX20016,Manufacturing analytics,Supply Chain,3,2026-01-19,Synthetic profile (manufacturing)
FX20016,Quality analytics,Supply Chain,3,2026-01-19,Synthetic profile (manufacturing)
FX20016,Python,Technical,3,2026-01-19,Synthetic profile (manufacturing)
FX20016,Machine learning,Technical,1,2026-01-19,Synthetic profile (manufacturing)
FX20017,Manufacturing analytics,Supply Chain,3,2026-09-08,Synthetic profile (esg)
FX20017,Procurement & sourcing,Supply Chain,2,2026-09-08,Synthetic profile (esg)
FX20017,ESG & sustainability,Supply Chain,2,2026-09-08,Synthetic profile (esg)
FX20017,Python,Technical,3,2026-09-08,Synthetic profile (esg)
FX20017,SQL,Technical,2,2026-09-08,Synthetic profile (esg)
FX20017,Power BI,Technical,2,2026-09-08,Synthetic profile (esg)
FX20018,Logistics & transportation,Supply Chain,3,2025-11-29,Synthetic profile (data)
FX20018,Demand planning,Supply Chain,2,2025-11-29,Synthetic profile (data)
FX20018,Inventory management,Supply Chain,2,2025-11-29,Synthetic profile (data)
FX20018,Python,Technical,2,2025-11-29,Synthetic profile (data)
FX20018,Databricks,Technical,1,2025-11-29,Synthetic profile (data)
FX20019,Spend analytics,Supply Chain,3,2026-08-04,Synthetic profile (bi)
FX20019,Demand planning,Supply Chain,2,2026-08-04,Synthetic profile (bi)
FX20019,Azure Data Factory,Technical,3,2026-08-04,Synthetic profile (bi)
FX20019,Tableau,Technical,2,2026-08-04,Synthetic profile (bi)
FX20020,Spend analytics,Supply Chain,4,2026-07-30,Synthetic profile (bi)
FX20020,Demand planning,Supply Chain,2,2026-07-30,Synthetic profile (bi)
FX20020,Supply chain control tower,Supply Chain,2,2026-07-30,Synthetic profile (bi)
FX20020,Azure Data Factory,Technical,3,2026-07-30,Synthetic profile (bi)
FX20020,SQL,Technical,2,2026-07-30,Synthetic profile (bi)
FX20020,Tableau,Technical,1,2026-07-30,Synthetic profile (bi)
FX20021,Procurement & sourcing,Supply Chain,3,2026-01-18,Synthetic profile (procurement)
FX20021,Spend analytics,Supply Chain,2,2026-01-18,Synthetic profile (procurement)
FX20021,GenAI & agents,Technical,3,2026-01-18,Synthetic profile (procurement)
FX20021,Python,Technical,2,2026-01-18,Synthetic profile (procurement)
FX20022,Logistics & transportation,Supply Chain,3,2026-07-19,Synthetic profile (data)
FX20022,Inventory management,Supply Chain,2,2026-07-19,Synthetic profile (data)
FX20022,Demand planning,Supply Chain,2,2026-07-19,Synthetic profile (data)
FX20022,Python,Technical,3,2026-07-19,Synthetic profile (data)
FX20022,GenAI & agents,Technical,2,2026-07-19,Synthetic profile (data)
FX20022,SQL,Technical,2,2026-07-19,Synthetic profile (data)
FX20023,Network design,Supply Chain,3,2026-09-05,Synthetic profile (logistics)
FX20023,Logistics & transportation,Supply Chain,2,2026-09-05,Synthetic profile (logistics)
FX20023,Python,Technical,3,2026-09-05,Synthetic profile (logistics)
FX20023,Optimization (OR),Technical,2,2026-09-05,Synthetic profile (logistics)
FX20024,Inventory management,Supply Chain,3,2026-09-09,Synthetic profile (planning)
FX20024,S&OP,Supply Chain,2,2026-09-09,Synthetic profile (planning)
FX20024,Supply planning,Supply Chain,2,2026-09-09,Synthetic profile (planning)
FX20024,Python,Technical,3,2026-09-09,Synthetic profile (planning)
FX20024,SAP IBP,Technical,2,2026-09-09,Synthetic profile (planning)
FX20025,Supply planning,Supply Chain,3,2026-02-20,Synthetic profile (manufacturing)
FX20025,Quality analytics,Supply Chain,3,2026-02-20,Synthetic profile (manufacturing)
FX20025,Databricks,Technical,3,2026-02-20,Synthetic profile (manufacturing)
FX20025,SAP S/4HANA,Technical,1,2026-02-20,Synthetic profile (manufacturing)
FX20026,Demand planning,Supply Chain,3,2026-08-09,Synthetic profile (planning)
FX20026,Supply planning,Supply Chain,2,2026-08-09,Synthetic profile (planning)
FX20026,SAP IBP,Technical,2,2026-08-09,Synthetic profile (planning)
FX20026,SQL,Technical,2,2026-08-09,Synthetic profile (planning)
FX20026,o9 Solutions,Technical,2,2026-08-09,Synthetic profile (planning)
FX20027,Demand planning,Supply Chain,3,2026-01-24,Synthetic profile (bi)
FX20027,Spend analytics,Supply Chain,2,2026-01-24,Synthetic profile (bi)
FX20027,Supply chain control tower,Supply Chain,3,2026-01-24,Synthetic profile (bi)
FX20027,Tableau,Technical,2,2026-01-24,Synthetic profile (bi)
FX20027,Azure Data Factory,Technical,2,2026-01-24,Synthetic profile (bi)
FX20028,Demand planning,Supply Chain,4,2026-08-22,Synthetic profile (data)
FX20028,Inventory management,Supply Chain,2,2026-08-22,Synthetic profile (data)
FX20028,Python,Technical,2,2026-08-22,Synthetic profile (data)
FX20028,Databricks,Technical,2,2026-08-22,Synthetic profile (data)
FX20028,Machine learning,Technical,1,2026-08-22,Synthetic profile (data)
FX20029,S&OP,Supply Chain,4,2026-07-19,Synthetic profile (planning)
FX20029,Supply planning,Supply Chain,2,2026-07-19,Synthetic profile (planning)
FX20029,Python,Technical,3,2026-07-19,Synthetic profile (planning)
FX20029,o9 Solutions,Technical,1,2026-07-19,Synthetic profile (planning)
